Accuracy,Precision,Recall,F1,AUC,Specificity,MCC,Model,fold
0.819672131147541,0.8928571428571429,0.7575757575757576,0.819672131147541,0.8820346320346321,0.8928571428571429,0.6504329004329005,"Baseline (paper stack, leak-free)",0
0.819672131147541,0.8928571428571429,0.7575757575757576,0.819672131147541,0.8961038961038962,0.8928571428571429,0.6504329004329005,Ablation (paper stack + feature eng.),0
0.819672131147541,0.8928571428571429,0.7575757575757576,0.819672131147541,0.9036796536796536,0.8928571428571429,0.6504329004329005,Proposed (tuned OOF stack + FE),0
0.8032786885245902,0.7560975609756098,0.9393939393939394,0.8378378378378378,0.9296536796536796,0.6428571428571429,0.6180724188477789,"Baseline (paper stack, leak-free)",1
0.7704918032786885,0.7317073170731707,0.9090909090909091,0.8108108108108109,0.9188311688311688,0.6071428571428571,0.5479935758185698,Ablation (paper stack + feature eng.),1
0.8360655737704918,0.7948717948717948,0.9393939393939394,0.8611111111111112,0.9307359307359306,0.7142857142857143,0.678355435247432,Proposed (tuned OOF stack + FE),1
0.85,0.8484848484848485,0.875,0.8615384615384616,0.9051339285714286,0.8214285714285714,0.6983799021553296,"Baseline (paper stack, leak-free)",2
0.8333333333333334,0.8235294117647058,0.875,0.8484848484848485,0.8962053571428571,0.7857142857142857,0.6651836553993731,Ablation (paper stack + feature eng.),2
0.8166666666666667,0.8181818181818182,0.84375,0.8307692307692308,0.8917410714285715,0.7857142857142857,0.6312279884865479,Proposed (tuned OOF stack + FE),2
0.8833333333333333,0.8611111111111112,0.9393939393939394,0.8985507246376812,0.9214365881032548,0.8148148148148148,0.7659026105380703,"Baseline (paper stack, leak-free)",3
0.9166666666666666,0.9117647058823529,0.9393939393939394,0.9253731343283582,0.920314253647587,0.8888888888888888,0.8315557621727075,Ablation (paper stack + feature eng.),3
0.9166666666666666,0.8888888888888888,0.9696969696969697,0.927536231884058,0.9180695847362514,0.8518518518518519,0.8342867721932552,Proposed (tuned OOF stack + FE),3
0.8166666666666667,0.8055555555555556,0.8787878787878788,0.8405797101449275,0.904601571268238,0.7407407407407407,0.6291342872277006,"Baseline (paper stack, leak-free)",4
0.85,0.8157894736842105,0.9393939393939394,0.8732394366197183,0.9225589225589226,0.7407407407407407,0.7021511854826284,Ablation (paper stack + feature eng.),4
0.8333333333333334,0.8108108108108109,0.9090909090909091,0.8571428571428571,0.914702581369248,0.7407407407407407,0.6649284750350865,Proposed (tuned OOF stack + FE),4
0.8852459016393442,0.9333333333333333,0.8484848484848485,0.8888888888888888,0.9415584415584416,0.9285714285714286,0.7745455878531639,"Baseline (paper stack, leak-free)",5
0.8852459016393442,0.9333333333333333,0.8484848484848485,0.8888888888888888,0.946969696969697,0.9285714285714286,0.7745455878531639,Ablation (paper stack + feature eng.),5
0.8852459016393442,0.90625,0.8787878787878788,0.8923076923076924,0.949134199134199,0.8928571428571429,0.7699801976524022,Proposed (tuned OOF stack + FE),5
0.8524590163934426,0.8,0.9696969696969697,0.8767123287671232,0.8885281385281385,0.7142857142857143,0.7173670909562075,"Baseline (paper stack, leak-free)",6
0.8524590163934426,0.8157894736842105,0.9393939393939394,0.8732394366197183,0.9177489177489178,0.75,0.7088392059568465,Ablation (paper stack + feature eng.),6
0.8360655737704918,0.7948717948717948,0.9393939393939394,0.8611111111111112,0.9101731601731602,0.7142857142857143,0.678355435247432,Proposed (tuned OOF stack + FE),6
0.8166666666666667,0.7692307692307693,0.9375,0.8450704225352113,0.8828125,0.6785714285714286,0.6443815868826047,"Baseline (paper stack, leak-free)",7
0.8,0.7631578947368421,0.90625,0.8285714285714286,0.8727678571428571,0.6785714285714286,0.6054442283168511,Ablation (paper stack + feature eng.),7
0.85,0.8108108108108109,0.9375,0.8695652173913043,0.8939732142857144,0.75,0.7054429982194027,Proposed (tuned OOF stack + FE),7
0.85,0.9,0.8181818181818182,0.8571428571428571,0.9147025813692481,0.8888888888888888,0.7035264706814485,"Baseline (paper stack, leak-free)",8
0.8833333333333333,0.90625,0.8787878787878788,0.8923076923076924,0.9259259259259259,0.8888888888888888,0.7655318158241113,Ablation (paper stack + feature eng.),8
0.8666666666666667,0.8787878787878788,0.8787878787878788,0.8787878787878788,0.920314253647587,0.8518518518518519,0.7306397306397306,Proposed (tuned OOF stack + FE),8
0.7833333333333333,0.75,0.9090909090909091,0.821917808219178,0.8630751964085297,0.6296296296296297,0.5685352436149611,"Baseline (paper stack, leak-free)",9
0.85,0.8157894736842105,0.9393939393939394,0.8732394366197183,0.8843995510662177,0.7407407407407407,0.7021511854826284,Ablation (paper stack + feature eng.),9
0.8666666666666667,0.8378378378378378,0.9393939393939394,0.8857142857142857,0.8978675645342312,0.7777777777777778,0.7338329802200695,Proposed (tuned OOF stack + FE),9
0.8360655737704918,0.7948717948717948,0.9393939393939394,0.8611111111111112,0.9329004329004329,0.7142857142857143,0.678355435247432,"Baseline (paper stack, leak-free)",10
0.8688524590163934,0.8205128205128205,0.9696969696969697,0.8888888888888888,0.9404761904761905,0.75,0.7468648417873217,Ablation (paper stack + feature eng.),10
0.8524590163934426,0.8157894736842105,0.9393939393939394,0.8732394366197183,0.9307359307359309,0.75,0.7088392059568465,Proposed (tuned OOF stack + FE),10
0.8360655737704918,0.8285714285714286,0.8787878787878788,0.8529411764705882,0.8917748917748918,0.7857142857142857,0.6695942095771606,"Baseline (paper stack, leak-free)",11
0.8032786885245902,0.8387096774193549,0.7878787878787878,0.8125,0.9025974025974026,0.8214285714285714,0.607338671255336,Ablation (paper stack + feature eng.),11
0.8360655737704918,0.8709677419354839,0.8181818181818182,0.84375,0.9080086580086579,0.8571428571428571,0.673142683593836,Proposed (tuned OOF stack + FE),11
0.8333333333333334,0.8055555555555556,0.90625,0.8529411764705882,0.9017857142857143,0.75,0.6682922888477266,"Baseline (paper stack, leak-free)",12
0.8333333333333334,0.8235294117647058,0.875,0.8484848484848485,0.8526785714285714,0.7857142857142857,0.6651836553993731,Ablation (paper stack + feature eng.),12
0.8333333333333334,0.8235294117647058,0.875,0.8484848484848485,0.8537946428571429,0.7857142857142857,0.6651836553993731,Proposed (tuned OOF stack + FE),12
0.8,0.8620689655172413,0.7575757575757576,0.8064516129032258,0.8945005611672279,0.8518518518518519,0.6067099699809587,"Baseline (paper stack, leak-free)",13
0.75,0.78125,0.7575757575757576,0.7692307692307693,0.8675645342312008,0.7407407407407407,0.4969241611489845,Ablation (paper stack + feature eng.),13
0.8333333333333334,0.8484848484848485,0.8484848484848485,0.8484848484848485,0.9068462401795736,0.8148148148148148,0.6632996632996633,Proposed (tuned OOF stack + FE),13
0.75,0.8,0.7272727272727273,0.7619047619047619,0.8675645342312008,0.7777777777777778,0.502518907629606,"Baseline (paper stack, leak-free)",14
0.7666666666666667,0.8064516129032258,0.7575757575757576,0.78125,0.8675645342312008,0.7777777777777778,0.5329662167236046,Ablation (paper stack + feature eng.),14
0.8,0.8,0.8484848484848485,0.8235294117647058,0.8585858585858586,0.7407407407407407,0.5945883900105631,Proposed (tuned OOF stack + FE),14
